{"Train Loss": 0.5559182167053223, "_timestamp": 1686897796.653901, "_runtime": 1620.3255591392517, "_step": 49, "_wandb": {"runtime": 1644}}